[
    {
        "couponId":"10001",
        "couponCode":"ABCD10001",
        "discount":"500",
        "imageUrl" :"https://a"
    },
    {
        "couponId":"10002",
        "couponCode":"ABCD10002",
        "discount":"600",
        "imageUrl" :"https://b"
    },
    {
        "couponId":"10003",
        "couponCode":"ABCD10003",
        "discount":"700",
        "imageUrl" :"https://c"
    },
    {
        "couponId":"10004",
        "couponCode":"ABCD10004",
        "discount":"800",
        "imageUrl" :"https://d"
    },
    {
        "couponId":"10005",
        "couponCode":"ABCD10005",
        "discount":"900",
        "imageUrl" :"https://e"
    }
]